{
    "Docks_Count": "11",
    "Dock_0": {
        "label": "Assets",
        "pos_X": "8",
        "pos_Y": "617",
        "size_X": "831",
        "size_Y": "232",
        "status": "0",
        "active": "1",
        "opened": "1",
        "location": "13",
        "child0": "-1",
        "child1": "-1",
        "prev_tab": "-1",
        "next_tab": "-1",
        "parent": "8"
    },
    "Dock_1": {
        "label": "Inspector",
        "pos_X": "1139",
        "pos_Y": "34",
        "size_X": "289",
        "size_Y": "583",
        "status": "0",
        "active": "1",
        "opened": "1",
        "location": "02",
        "child0": "-1",
        "child1": "-1",
        "prev_tab": "-1",
        "next_tab": "-1",
        "parent": "9"
    },
    "Dock_2": {
        "label": "Scene",
        "pos_X": "260",
        "pos_Y": "34",
        "size_X": "879",
        "size_Y": "583",
        "status": "0",
        "active": "1",
        "opened": "1",
        "location": "012",
        "child0": "-1",
        "child1": "-1",
        "prev_tab": "-1",
        "next_tab": "-1",
        "parent": "10"
    },
    "Dock_3": {
        "label": "Configuration",
        "pos_X": "8",
        "pos_Y": "34",
        "size_X": "252",
        "size_Y": "583",
        "status": "1",
        "active": "0",
        "opened": "1",
        "location": "112",
        "child0": "-1",
        "child1": "-1",
        "prev_tab": "-1",
        "next_tab": "-1",
        "parent": "7"
    },
    "Dock_4": {
        "label": "Hierarchy",
        "pos_X": "8",
        "pos_Y": "34",
        "size_X": "252",
        "size_Y": "583",
        "status": "0",
        "active": "0",
        "opened": "1",
        "location": "112",
        "child0": "-1",
        "child1": "-1",
        "prev_tab": "-1",
        "next_tab": "5",
        "parent": "10"
    },
    "Dock_5": {
        "label": "Renderer",
        "pos_X": "8",
        "pos_Y": "34",
        "size_X": "252",
        "size_Y": "583",
        "status": "0",
        "active": "1",
        "opened": "1",
        "location": "112",
        "child0": "-1",
        "child1": "-1",
        "prev_tab": "4",
        "next_tab": "-1",
        "parent": "10"
    },
    "Dock_6": {
        "label": "Console",
        "pos_X": "839",
        "pos_Y": "617",
        "size_X": "589",
        "size_Y": "232",
        "status": "0",
        "active": "1",
        "opened": "1",
        "location": "03",
        "child0": "-1",
        "child1": "-1",
        "prev_tab": "-1",
        "next_tab": "-1",
        "parent": "8"
    },
    "Dock_7": {
        "label": "ROOT",
        "pos_X": "8",
        "pos_Y": "34",
        "size_X": "1420",
        "size_Y": "815",
        "status": "0",
        "active": "1",
        "opened": "0",
        "location": "-1",
        "child0": "9",
        "child1": "8",
        "prev_tab": "-1",
        "next_tab": "-1",
        "parent": "-1"
    },
    "Dock_8": {
        "label": "DOCK",
        "pos_X": "8",
        "pos_Y": "617",
        "size_X": "1420",
        "size_Y": "232",
        "status": "0",
        "active": "1",
        "opened": "0",
        "location": "3",
        "child0": "0",
        "child1": "6",
        "prev_tab": "-1",
        "next_tab": "-1",
        "parent": "7"
    },
    "Dock_9": {
        "label": "DOCK",
        "pos_X": "8",
        "pos_Y": "34",
        "size_X": "1420",
        "size_Y": "583",
        "status": "0",
        "active": "1",
        "opened": "0",
        "location": "2",
        "child0": "10",
        "child1": "1",
        "prev_tab": "-1",
        "next_tab": "-1",
        "parent": "7"
    },
    "Dock_10": {
        "label": "DOCK",
        "pos_X": "8",
        "pos_Y": "34",
        "size_X": "1131",
        "size_Y": "583",
        "status": "0",
        "active": "1",
        "opened": "0",
        "location": "12",
        "child0": "4",
        "child1": "2",
        "prev_tab": "-1",
        "next_tab": "-1",
        "parent": "9"
    }
}