{
    "GameObjects": {
        "Object_0": {
            "UUID": "56686265-4ff5-479e-abf4-f92e16215ddf",
            "Static": "1",
            "Parent_UUID": "00000000-0000-0000-0000-000000000000",
            "Name": "Camera",
            "Translation": {
                "value_X": "0.000000",
                "value_Y": "0.000000",
                "value_Z": "0.000000"
            },
            "Rotation": {
                "value_X": "0.000000",
                "value_Y": "0.000000",
                "value_Z": "0.000000",
                "value_W": "1.000000"
            },
            "Scale": {
                "value_X": "1.000000",
                "value_Y": "1.000000",
                "value_Z": "1.000000"
            },
            "Components": {
                "Camera": {
                    "Position": {
                        "value_X": "0.000000",
                        "value_Y": "0.000000",
                        "value_Z": "0.000000"
                    },
                    "Front": {
                        "value_X": "0.000000",
                        "value_Y": "0.000000",
                        "value_Z": "1.000000"
                    },
                    "Up": {
                        "value_X": "0.000000",
                        "value_Y": "1.000000",
                        "value_Z": "0.000000"
                    },
                    "Near": "0.100000",
                    "Far": "1000.000000",
                    "Vertical_FOV": "1.047198",
                    "Horizontal_FOV": "1.561283"
                }
            }
        }
    }
}